Index,AA,BB,CC,DD,E
0,600,40,1.0,1.0,570.1666666430001
1,600,40,1.0,1.5,561.924333315
2,600,40,1.0,2.0,562.857666651
3,600,40,1.0,2.5,572.990999993
4,600,40,1.0,3.0,572.990999993
5,600,40,1.0,3.5,572.990999993
6,600,40,1.25,1.0,570.1666666430001
7,600,40,1.25,1.5,561.924333315
8,600,40,1.25,2.0,562.857666651
9,600,40,1.25,2.5,572.990999993
10,600,40,1.25,3.0,572.990999993
11,600,40,1.25,3.5,572.990999993
12,600,40,1.5,1.0,561.546666648
13,600,40,1.5,1.5,553.30433332
14,600,40,1.5,2.0,553.974333323
15,600,40,1.5,2.5,569.4576666629999
16,600,40,1.5,3.0,569.4576666629999
17,600,40,1.5,3.5,569.4576666629999
18,600,40,1.75,1.0,563.179999986
19,600,40,1.75,1.5,554.9376666579999
20,600,40,1.75,2.0,555.6076666609999
21,600,40,1.75,2.5,571.0910000009999
22,600,40,1.75,3.0,571.0910000009999
23,600,40,1.75,3.5,571.0910000009999
24,600,40,2.0,1.0,570.119666658
25,600,40,2.0,1.5,563.507333329
26,600,40,2.0,2.0,564.177333332
27,600,40,2.0,2.5,578.4486666729999
28,600,40,2.0,3.0,578.4486666729999
29,600,40,2.0,3.5,578.4486666729999
30,600,50,1.0,1.0,570.1666666430001
31,600,50,1.0,1.5,561.924333315
32,600,50,1.0,2.0,562.857666651
33,600,50,1.0,2.5,572.990999993
34,600,50,1.0,3.0,572.990999993
35,600,50,1.0,3.5,572.990999993
36,600,50,1.25,1.0,570.1666666430001
37,600,50,1.25,1.5,561.924333315
38,600,50,1.25,2.0,562.857666651
39,600,50,1.25,2.5,572.990999993
40,600,50,1.25,3.0,572.990999993
41,600,50,1.25,3.5,572.990999993
42,600,50,1.5,1.0,561.546666648
43,600,50,1.5,1.5,553.30433332
44,600,50,1.5,2.0,553.974333323
45,600,50,1.5,2.5,569.4576666629999
46,600,50,1.5,3.0,569.4576666629999
47,600,50,1.5,3.5,569.4576666629999
48,600,50,1.75,1.0,563.179999986
49,600,50,1.75,1.5,554.9376666579999
50,600,50,1.75,2.0,555.6076666609999
51,600,50,1.75,2.5,571.0910000009999
52,600,50,1.75,3.0,571.0910000009999
53,600,50,1.75,3.5,571.0910000009999
54,600,50,2.0,1.0,570.119666658
55,600,50,2.0,1.5,563.507333329
56,600,50,2.0,2.0,564.177333332
57,600,50,2.0,2.5,578.4486666729999
58,600,50,2.0,3.0,578.4486666729999
59,600,50,2.0,3.5,578.4486666729999
60,600,60,1.0,1.0,561.763333318
61,600,60,1.0,1.5,553.0699999899999
62,600,60,1.0,2.0,554.003333326
63,600,60,1.0,2.5,563.2699999989999
64,600,60,1.0,3.0,563.2699999989999
65,600,60,1.0,3.5,563.2699999989999
66,600,60,1.25,1.0,561.763333318
67,600,60,1.25,1.5,553.0699999899999
68,600,60,1.25,2.0,554.003333326
69,600,60,1.25,2.5,563.2699999989999
70,600,60,1.25,3.0,563.2699999989999
71,600,60,1.25,3.5,563.2699999989999
72,600,60,1.5,1.0,553.143333323
73,600,60,1.5,1.5,544.4499999949999
74,600,60,1.5,2.0,545.1199999979999
75,600,60,1.5,2.5,559.7366666689999
76,600,60,1.5,3.0,559.7366666689999
77,600,60,1.5,3.5,559.7366666689999
78,600,60,1.75,1.0,554.7766666609999
79,600,60,1.75,1.5,546.0833333329999
80,600,60,1.75,2.0,546.7533333359999
81,600,60,1.75,2.5,561.3700000069998
82,600,60,1.75,3.0,561.3700000069998
83,600,60,1.75,3.5,561.3700000069998
84,600,60,2.0,1.0,563.8896666649999
85,600,60,2.0,1.5,556.8263333359998
86,600,60,2.0,2.0,557.4963333389999
87,600,60,2.0,2.5,570.9010000109998
88,600,60,2.0,3.0,570.9010000109998
89,600,60,2.0,3.5,570.9010000109998
90,600,70,1.0,1.0,562.929999988
91,600,70,1.0,1.5,554.23666666
92,600,70,1.0,2.0,555.1699999959999
93,600,70,1.0,2.5,564.4366666689999
94,600,70,1.0,3.0,564.4366666689999
95,600,70,1.0,3.5,564.4366666689999
96,600,70,1.25,1.0,562.929999988
97,600,70,1.25,1.5,554.23666666
98,600,70,1.25,2.0,555.1699999959999
99,600,70,1.25,2.5,564.4366666689999
100,600,70,1.25,3.0,564.4366666689999
101,600,70,1.25,3.5,564.4366666689999
102,600,70,1.5,1.0,554.3099999929999
103,600,70,1.5,1.5,545.6166666649999
104,600,70,1.5,2.0,546.2866666679998
105,600,70,1.5,2.5,560.9033333389998
106,600,70,1.5,3.0,560.9033333389998
107,600,70,1.5,3.5,560.9033333389998
108,600,70,1.75,1.0,555.943333331
109,600,70,1.75,1.5,547.2500000029999
110,600,70,1.75,2.0,547.9200000059998
111,600,70,1.75,2.5,562.5366666769999
112,600,70,1.75,3.0,562.5366666769999
113,600,70,1.75,3.5,562.5366666769999
114,600,70,2.0,1.0,564.8386666689998
115,600,70,2.0,1.5,557.7753333399999
116,600,70,2.0,2.0,558.4453333429998
117,600,70,2.0,2.5,571.8500000149999
118,600,70,2.0,3.0,571.8500000149999
119,600,70,2.0,3.5,571.8500000149999
120,600,80,1.0,1.0,572.6199999950001
121,600,80,1.0,1.5,564.4699999999999
122,600,80,1.0,2.0,565.403333336
123,600,80,1.0,2.5,574.670000009
124,600,80,1.0,3.0,574.670000009
125,600,80,1.0,3.5,574.670000009
126,600,80,1.25,1.0,572.6199999950001
127,600,80,1.25,1.5,564.4699999999999
128,600,80,1.25,2.0,565.403333336
129,600,80,1.25,2.5,574.670000009
130,600,80,1.25,3.0,574.670000009
131,600,80,1.25,3.5,574.670000009
132,600,80,1.5,1.0,565.629999999
133,600,80,1.5,1.5,557.4800000039999
134,600,80,1.5,2.0,558.1500000069999
135,600,80,1.5,2.5,572.7666666779999
136,600,80,1.5,3.0,572.7666666779999
137,600,80,1.5,3.5,572.7666666779999
138,600,80,1.75,1.0,567.263333337
139,600,80,1.75,1.5,559.1133333419999
140,600,80,1.75,2.0,559.7833333449998
141,600,80,1.75,2.5,574.4000000159999
142,600,80,1.75,3.0,574.4000000159999
143,600,80,1.75,3.5,574.4000000159999
144,600,80,2.0,1.0,576.158666675
145,600,80,2.0,1.5,569.6386666789999
146,600,80,2.0,2.0,570.3086666819999
147,600,80,2.0,2.5,583.7133333539999
148,600,80,2.0,3.0,583.7133333539999
149,600,80,2.0,3.5,583.7133333539999
150,700,40,1.0,1.0,570.1666666430001
151,700,40,1.0,1.5,561.924333315
152,700,40,1.0,2.0,562.857666651
153,700,40,1.0,2.5,572.990999993
154,700,40,1.0,3.0,572.990999993
155,700,40,1.0,3.5,572.990999993
156,700,40,1.25,1.0,570.1666666430001
157,700,40,1.25,1.5,561.924333315
158,700,40,1.25,2.0,562.857666651
159,700,40,1.25,2.5,572.990999993
160,700,40,1.25,3.0,572.990999993
161,700,40,1.25,3.5,572.990999993
162,700,40,1.5,1.0,561.546666648
163,700,40,1.5,1.5,553.30433332
164,700,40,1.5,2.0,553.974333323
165,700,40,1.5,2.5,569.4576666629999
166,700,40,1.5,3.0,569.4576666629999
167,700,40,1.5,3.5,569.4576666629999
168,700,40,1.75,1.0,563.179999986
169,700,40,1.75,1.5,554.9376666579999
170,700,40,1.75,2.0,555.6076666609999
171,700,40,1.75,2.5,571.0910000009999
172,700,40,1.75,3.0,571.0910000009999
173,700,40,1.75,3.5,571.0910000009999
174,700,40,2.0,1.0,570.119666658
175,700,40,2.0,1.5,563.507333329
176,700,40,2.0,2.0,564.177333332
177,700,40,2.0,2.5,578.4486666729999
178,700,40,2.0,3.0,578.4486666729999
179,700,40,2.0,3.5,578.4486666729999
180,700,50,1.0,1.0,570.1666666430001
181,700,50,1.0,1.5,561.924333315
182,700,50,1.0,2.0,562.857666651
183,700,50,1.0,2.5,572.990999993
184,700,50,1.0,3.0,572.990999993
185,700,50,1.0,3.5,572.990999993
186,700,50,1.25,1.0,570.1666666430001
187,700,50,1.25,1.5,561.924333315
188,700,50,1.25,2.0,562.857666651
189,700,50,1.25,2.5,572.990999993
190,700,50,1.25,3.0,572.990999993
191,700,50,1.25,3.5,572.990999993
192,700,50,1.5,1.0,561.546666648
193,700,50,1.5,1.5,553.30433332
194,700,50,1.5,2.0,553.974333323
195,700,50,1.5,2.5,569.4576666629999
196,700,50,1.5,3.0,569.4576666629999
197,700,50,1.5,3.5,569.4576666629999
198,700,50,1.75,1.0,563.179999986
199,700,50,1.75,1.5,554.9376666579999
200,700,50,1.75,2.0,555.6076666609999
201,700,50,1.75,2.5,571.0910000009999
202,700,50,1.75,3.0,571.0910000009999
203,700,50,1.75,3.5,571.0910000009999
204,700,50,2.0,1.0,570.119666658
205,700,50,2.0,1.5,563.507333329
206,700,50,2.0,2.0,564.177333332
207,700,50,2.0,2.5,578.4486666729999
208,700,50,2.0,3.0,578.4486666729999
209,700,50,2.0,3.5,578.4486666729999
210,700,60,1.0,1.0,561.763333318
211,700,60,1.0,1.5,553.0699999899999
212,700,60,1.0,2.0,554.003333326
213,700,60,1.0,2.5,563.2699999989999
214,700,60,1.0,3.0,563.2699999989999
215,700,60,1.0,3.5,563.2699999989999
216,700,60,1.25,1.0,561.763333318
217,700,60,1.25,1.5,553.0699999899999
218,700,60,1.25,2.0,554.003333326
219,700,60,1.25,2.5,563.2699999989999
220,700,60,1.25,3.0,563.2699999989999
221,700,60,1.25,3.5,563.2699999989999
222,700,60,1.5,1.0,553.143333323
223,700,60,1.5,1.5,544.4499999949999
224,700,60,1.5,2.0,545.1199999979999
225,700,60,1.5,2.5,559.7366666689999
226,700,60,1.5,3.0,559.7366666689999
227,700,60,1.5,3.5,559.7366666689999
228,700,60,1.75,1.0,554.7766666609999
229,700,60,1.75,1.5,546.0833333329999
230,700,60,1.75,2.0,546.7533333359999
231,700,60,1.75,2.5,561.3700000069998
232,700,60,1.75,3.0,561.3700000069998
233,700,60,1.75,3.5,561.3700000069998
234,700,60,2.0,1.0,563.8896666649999
235,700,60,2.0,1.5,556.8263333359998
236,700,60,2.0,2.0,557.4963333389999
237,700,60,2.0,2.5,570.9010000109998
238,700,60,2.0,3.0,570.9010000109998
239,700,60,2.0,3.5,570.9010000109998
240,700,70,1.0,1.0,562.929999988
241,700,70,1.0,1.5,554.23666666
242,700,70,1.0,2.0,555.1699999959999
243,700,70,1.0,2.5,564.4366666689999
244,700,70,1.0,3.0,564.4366666689999
245,700,70,1.0,3.5,564.4366666689999
246,700,70,1.25,1.0,562.929999988
247,700,70,1.25,1.5,554.23666666
248,700,70,1.25,2.0,555.1699999959999
249,700,70,1.25,2.5,564.4366666689999
250,700,70,1.25,3.0,564.4366666689999
251,700,70,1.25,3.5,564.4366666689999
252,700,70,1.5,1.0,554.3099999929999
253,700,70,1.5,1.5,545.6166666649999
254,700,70,1.5,2.0,546.2866666679998
255,700,70,1.5,2.5,560.9033333389998
256,700,70,1.5,3.0,560.9033333389998
257,700,70,1.5,3.5,560.9033333389998
258,700,70,1.75,1.0,555.943333331
259,700,70,1.75,1.5,547.2500000029999
260,700,70,1.75,2.0,547.9200000059998
261,700,70,1.75,2.5,562.5366666769999
262,700,70,1.75,3.0,562.5366666769999
263,700,70,1.75,3.5,562.5366666769999
264,700,70,2.0,1.0,564.8386666689998
265,700,70,2.0,1.5,557.7753333399999
266,700,70,2.0,2.0,558.4453333429998
267,700,70,2.0,2.5,571.8500000149999
268,700,70,2.0,3.0,571.8500000149999
269,700,70,2.0,3.5,571.8500000149999
270,700,80,1.0,1.0,572.6199999950001
271,700,80,1.0,1.5,564.4699999999999
272,700,80,1.0,2.0,565.403333336
273,700,80,1.0,2.5,574.670000009
274,700,80,1.0,3.0,574.670000009
275,700,80,1.0,3.5,574.670000009
276,700,80,1.25,1.0,572.6199999950001
277,700,80,1.25,1.5,564.4699999999999
278,700,80,1.25,2.0,565.403333336
279,700,80,1.25,2.5,574.670000009
280,700,80,1.25,3.0,574.670000009
281,700,80,1.25,3.5,574.670000009
282,700,80,1.5,1.0,565.629999999
283,700,80,1.5,1.5,557.4800000039999
284,700,80,1.5,2.0,558.1500000069999
285,700,80,1.5,2.5,572.7666666779999
286,700,80,1.5,3.0,572.7666666779999
287,700,80,1.5,3.5,572.7666666779999
288,700,80,1.75,1.0,567.263333337
289,700,80,1.75,1.5,559.1133333419999
290,700,80,1.75,2.0,559.7833333449998
291,700,80,1.75,2.5,574.4000000159999
292,700,80,1.75,3.0,574.4000000159999
293,700,80,1.75,3.5,574.4000000159999
294,700,80,2.0,1.0,576.158666675
295,700,80,2.0,1.5,569.6386666789999
296,700,80,2.0,2.0,570.3086666819999
297,700,80,2.0,2.5,583.7133333539999
298,700,80,2.0,3.0,583.7133333539999
299,700,80,2.0,3.5,583.7133333539999
300,800,40,1.0,1.0,723.7470000139999
301,800,40,1.0,1.5,714.603333351
302,800,40,1.0,2.0,713.073333351
303,800,40,1.0,2.5,717.375666683
304,800,40,1.0,3.0,717.375666683
305,800,40,1.0,3.5,717.375666683
306,800,40,1.25,1.0,723.7470000139999
307,800,40,1.25,1.5,714.603333351
308,800,40,1.25,2.0,713.073333351
309,800,40,1.25,2.5,717.375666683
310,800,40,1.25,3.0,717.375666683
311,800,40,1.25,3.5,717.375666683
312,800,40,1.5,1.0,727.283666683
313,800,40,1.5,1.5,718.44000002
314,800,40,1.5,2.0,716.1200000209999
315,800,40,1.5,2.5,722.5123333529999
316,800,40,1.5,3.0,722.5123333529999
317,800,40,1.5,3.5,722.5123333529999
318,800,40,1.75,1.0,727.1780000169999
319,800,40,1.75,1.5,718.3343333539999
320,800,40,1.75,2.0,716.014333355
321,800,40,1.75,2.5,722.406666687
322,800,40,1.75,3.0,722.406666687
323,800,40,1.75,3.5,722.406666687
324,800,40,2.0,1.0,730.15833334
325,800,40,2.0,1.5,721.85800001
326,800,40,2.0,2.0,719.538000011
327,800,40,2.0,2.5,723.8183333439999
328,800,40,2.0,3.0,723.8183333439999
329,800,40,2.0,3.5,723.8183333439999
330,800,50,1.0,1.0,723.7470000139999
331,800,50,1.0,1.5,714.603333351
332,800,50,1.0,2.0,713.073333351
333,800,50,1.0,2.5,717.375666683
334,800,50,1.0,3.0,717.375666683
335,800,50,1.0,3.5,717.375666683
336,800,50,1.25,1.0,723.7470000139999
337,800,50,1.25,1.5,714.603333351
338,800,50,1.25,2.0,713.073333351
339,800,50,1.25,2.5,717.375666683
340,800,50,1.25,3.0,717.375666683
341,800,50,1.25,3.5,717.375666683
342,800,50,1.5,1.0,727.283666683
343,800,50,1.5,1.5,718.44000002
344,800,50,1.5,2.0,716.1200000209999
345,800,50,1.5,2.5,722.5123333529999
346,800,50,1.5,3.0,722.5123333529999
347,800,50,1.5,3.5,722.5123333529999
348,800,50,1.75,1.0,727.1780000169999
349,800,50,1.75,1.5,718.3343333539999
350,800,50,1.75,2.0,716.014333355
351,800,50,1.75,2.5,722.406666687
352,800,50,1.75,3.0,722.406666687
353,800,50,1.75,3.5,722.406666687
354,800,50,2.0,1.0,730.15833334
355,800,50,2.0,1.5,721.85800001
356,800,50,2.0,2.0,719.538000011
357,800,50,2.0,2.5,723.8183333439999
358,800,50,2.0,3.0,723.8183333439999
359,800,50,2.0,3.5,723.8183333439999
360,800,60,1.0,1.0,737.8966666790001
361,800,60,1.0,1.5,726.612000017
362,800,60,1.0,2.0,725.082000017
363,800,60,1.0,2.5,726.887666681
364,800,60,1.0,3.0,726.887666681
365,800,60,1.0,3.5,726.887666681
366,800,60,1.25,1.0,737.8966666790001
367,800,60,1.25,1.5,726.612000017
368,800,60,1.25,2.0,725.082000017
369,800,60,1.25,2.5,726.887666681
370,800,60,1.25,3.0,726.887666681
371,800,60,1.25,3.5,726.887666681
372,800,60,1.5,1.0,741.696666681
373,800,60,1.5,1.5,730.712000019
374,800,60,1.5,2.0,728.39200002
375,800,60,1.5,2.5,732.287666684
376,800,60,1.5,3.0,732.287666684
377,800,60,1.5,3.5,732.287666684
378,800,60,1.75,1.0,741.591000015
379,800,60,1.75,1.5,730.606333353
380,800,60,1.75,2.0,728.286333354
381,800,60,1.75,2.5,732.1820000179999
382,800,60,1.75,3.0,732.1820000179999
383,800,60,1.75,3.5,732.1820000179999
384,800,60,2.0,1.0,744.5713333380002
385,800,60,2.0,1.5,734.130000009
386,800,60,2.0,2.0,731.8100000100001
387,800,60,2.0,2.5,733.593666675
388,800,60,2.0,3.0,733.593666675
389,800,60,2.0,3.5,733.593666675
390,800,70,1.0,1.0,735.4966666790001
391,800,70,1.0,1.5,723.3120000170001
392,800,70,1.0,2.0,721.782000017
393,800,70,1.0,2.5,723.587666681
394,800,70,1.0,3.0,723.587666681
395,800,70,1.0,3.5,723.587666681
396,800,70,1.25,1.0,735.4966666790001
397,800,70,1.25,1.5,723.3120000170001
398,800,70,1.25,2.0,721.782000017
399,800,70,1.25,2.5,723.587666681
400,800,70,1.25,3.0,723.587666681
401,800,70,1.25,3.5,723.587666681
402,800,70,1.5,1.0,739.296666681
403,800,70,1.5,1.5,727.4120000190001
404,800,70,1.5,2.0,725.09200002
405,800,70,1.5,2.5,728.987666684
406,800,70,1.5,3.0,728.987666684
407,800,70,1.5,3.5,728.987666684
408,800,70,1.75,1.0,739.191000015
409,800,70,1.75,1.5,727.306333353
410,800,70,1.75,2.0,724.986333354
411,800,70,1.75,2.5,728.882000018
412,800,70,1.75,3.0,728.882000018
413,800,70,1.75,3.5,728.882000018
414,800,70,2.0,1.0,742.5536666720001
415,800,70,2.0,1.5,731.2123333430001
416,800,70,2.0,2.0,728.892333344
417,800,70,2.0,2.5,730.6760000090001
418,800,70,2.0,3.0,730.6760000090001
419,800,70,2.0,3.5,730.6760000090001
420,800,80,1.0,1.0,728.5866666850001
421,800,80,1.0,1.5,716.402000023
422,800,80,1.0,2.0,714.872000023
423,800,80,1.0,2.5,716.677666687
424,800,80,1.0,3.0,716.677666687
425,800,80,1.0,3.5,716.677666687
426,800,80,1.25,1.0,728.5866666850001
427,800,80,1.25,1.5,716.402000023
428,800,80,1.25,2.0,714.872000023
429,800,80,1.25,2.5,716.677666687
430,800,80,1.25,3.0,716.677666687
431,800,80,1.25,3.5,716.677666687
432,800,80,1.5,1.0,732.386666687
433,800,80,1.5,1.5,720.502000025
434,800,80,1.5,2.0,718.182000026
435,800,80,1.5,2.5,722.07766669
436,800,80,1.5,3.0,722.07766669
437,800,80,1.5,3.5,722.07766669
438,800,80,1.75,1.0,732.620000021
439,800,80,1.75,1.5,720.735333359
440,800,80,1.75,2.0,718.41533336
441,800,80,1.75,2.5,722.311000024
442,800,80,1.75,3.0,722.311000024
443,800,80,1.75,3.5,722.311000024
444,800,80,2.0,1.0,732.8226666820001
445,800,80,2.0,1.5,721.481333353
446,800,80,2.0,2.0,719.161333354
447,800,80,2.0,2.5,720.945000019
448,800,80,2.0,3.0,720.945000019
449,800,80,2.0,3.5,720.945000019
450,900,40,1.0,1.0,723.7470000139999
451,900,40,1.0,1.5,714.603333351
452,900,40,1.0,2.0,713.073333351
453,900,40,1.0,2.5,717.375666683
454,900,40,1.0,3.0,717.375666683
455,900,40,1.0,3.5,717.375666683
456,900,40,1.25,1.0,723.7470000139999
457,900,40,1.25,1.5,714.603333351
458,900,40,1.25,2.0,713.073333351
459,900,40,1.25,2.5,717.375666683
460,900,40,1.25,3.0,717.375666683
461,900,40,1.25,3.5,717.375666683
462,900,40,1.5,1.0,727.283666683
463,900,40,1.5,1.5,718.44000002
464,900,40,1.5,2.0,716.1200000209999
465,900,40,1.5,2.5,722.5123333529999
466,900,40,1.5,3.0,722.5123333529999
467,900,40,1.5,3.5,722.5123333529999
468,900,40,1.75,1.0,727.1780000169999
469,900,40,1.75,1.5,718.3343333539999
470,900,40,1.75,2.0,716.014333355
471,900,40,1.75,2.5,722.406666687
472,900,40,1.75,3.0,722.406666687
473,900,40,1.75,3.5,722.406666687
474,900,40,2.0,1.0,730.15833334
475,900,40,2.0,1.5,721.85800001
476,900,40,2.0,2.0,719.538000011
477,900,40,2.0,2.5,723.8183333439999
478,900,40,2.0,3.0,723.8183333439999
479,900,40,2.0,3.5,723.8183333439999
480,900,50,1.0,1.0,723.7470000139999
481,900,50,1.0,1.5,714.603333351
482,900,50,1.0,2.0,713.073333351
483,900,50,1.0,2.5,717.375666683
484,900,50,1.0,3.0,717.375666683
485,900,50,1.0,3.5,717.375666683
486,900,50,1.25,1.0,723.7470000139999
487,900,50,1.25,1.5,714.603333351
488,900,50,1.25,2.0,713.073333351
489,900,50,1.25,2.5,717.375666683
490,900,50,1.25,3.0,717.375666683
491,900,50,1.25,3.5,717.375666683
492,900,50,1.5,1.0,727.283666683
493,900,50,1.5,1.5,718.44000002
494,900,50,1.5,2.0,716.1200000209999
495,900,50,1.5,2.5,722.5123333529999
496,900,50,1.5,3.0,722.5123333529999
497,900,50,1.5,3.5,722.5123333529999
498,900,50,1.75,1.0,727.1780000169999
499,900,50,1.75,1.5,718.3343333539999
500,900,50,1.75,2.0,716.014333355
501,900,50,1.75,2.5,722.406666687
502,900,50,1.75,3.0,722.406666687
503,900,50,1.75,3.5,722.406666687
504,900,50,2.0,1.0,730.15833334
505,900,50,2.0,1.5,721.85800001
506,900,50,2.0,2.0,719.538000011
507,900,50,2.0,2.5,723.8183333439999
508,900,50,2.0,3.0,723.8183333439999
509,900,50,2.0,3.5,723.8183333439999
510,900,60,1.0,1.0,737.8966666790001
511,900,60,1.0,1.5,726.612000017
512,900,60,1.0,2.0,725.082000017
513,900,60,1.0,2.5,726.887666681
514,900,60,1.0,3.0,726.887666681
515,900,60,1.0,3.5,726.887666681
516,900,60,1.25,1.0,737.8966666790001
517,900,60,1.25,1.5,726.612000017
518,900,60,1.25,2.0,725.082000017
519,900,60,1.25,2.5,726.887666681
520,900,60,1.25,3.0,726.887666681
521,900,60,1.25,3.5,726.887666681
522,900,60,1.5,1.0,741.696666681
523,900,60,1.5,1.5,730.712000019
524,900,60,1.5,2.0,728.39200002
525,900,60,1.5,2.5,732.287666684
526,900,60,1.5,3.0,732.287666684
527,900,60,1.5,3.5,732.287666684
528,900,60,1.75,1.0,741.591000015
529,900,60,1.75,1.5,730.606333353
530,900,60,1.75,2.0,728.286333354
531,900,60,1.75,2.5,732.1820000179999
532,900,60,1.75,3.0,732.1820000179999
533,900,60,1.75,3.5,732.1820000179999
534,900,60,2.0,1.0,744.5713333380002
535,900,60,2.0,1.5,734.130000009
536,900,60,2.0,2.0,731.8100000100001
537,900,60,2.0,2.5,733.593666675
538,900,60,2.0,3.0,733.593666675
539,900,60,2.0,3.5,733.593666675
540,900,70,1.0,1.0,735.4966666790001
541,900,70,1.0,1.5,723.3120000170001
542,900,70,1.0,2.0,721.782000017
543,900,70,1.0,2.5,723.587666681
544,900,70,1.0,3.0,723.587666681
545,900,70,1.0,3.5,723.587666681
546,900,70,1.25,1.0,735.4966666790001
547,900,70,1.25,1.5,723.3120000170001
548,900,70,1.25,2.0,721.782000017
549,900,70,1.25,2.5,723.587666681
550,900,70,1.25,3.0,723.587666681
551,900,70,1.25,3.5,723.587666681
552,900,70,1.5,1.0,739.296666681
553,900,70,1.5,1.5,727.4120000190001
554,900,70,1.5,2.0,725.09200002
555,900,70,1.5,2.5,728.987666684
556,900,70,1.5,3.0,728.987666684
557,900,70,1.5,3.5,728.987666684
558,900,70,1.75,1.0,739.191000015
559,900,70,1.75,1.5,727.306333353
560,900,70,1.75,2.0,724.986333354
561,900,70,1.75,2.5,728.882000018
562,900,70,1.75,3.0,728.882000018
563,900,70,1.75,3.5,728.882000018
564,900,70,2.0,1.0,742.5536666720001
565,900,70,2.0,1.5,731.2123333430001
566,900,70,2.0,2.0,728.892333344
567,900,70,2.0,2.5,730.6760000090001
568,900,70,2.0,3.0,730.6760000090001
569,900,70,2.0,3.5,730.6760000090001
570,900,80,1.0,1.0,728.5866666850001
571,900,80,1.0,1.5,716.402000023
572,900,80,1.0,2.0,714.872000023
573,900,80,1.0,2.5,716.677666687
574,900,80,1.0,3.0,716.677666687
575,900,80,1.0,3.5,716.677666687
576,900,80,1.25,1.0,728.5866666850001
577,900,80,1.25,1.5,716.402000023
578,900,80,1.25,2.0,714.872000023
579,900,80,1.25,2.5,716.677666687
580,900,80,1.25,3.0,716.677666687
581,900,80,1.25,3.5,716.677666687
582,900,80,1.5,1.0,732.386666687
583,900,80,1.5,1.5,720.502000025
584,900,80,1.5,2.0,718.182000026
585,900,80,1.5,2.5,722.07766669
586,900,80,1.5,3.0,722.07766669
587,900,80,1.5,3.5,722.07766669
588,900,80,1.75,1.0,732.620000021
589,900,80,1.75,1.5,720.735333359
590,900,80,1.75,2.0,718.41533336
591,900,80,1.75,2.5,722.311000024
592,900,80,1.75,3.0,722.311000024
593,900,80,1.75,3.5,722.311000024
594,900,80,2.0,1.0,732.8226666820001
595,900,80,2.0,1.5,721.481333353
596,900,80,2.0,2.0,719.161333354
597,900,80,2.0,2.5,720.945000019
598,900,80,2.0,3.0,720.945000019
599,900,80,2.0,3.5,720.945000019
600,1000,40,1.0,1.0,727.223333347
601,1000,40,1.0,1.5,719.16633335
602,1000,40,1.0,2.0,717.63633335
603,1000,40,1.0,2.5,721.4876666819999
604,1000,40,1.0,3.0,721.4876666819999
605,1000,40,1.0,3.5,721.4876666819999
606,1000,40,1.25,1.0,727.223333347
607,1000,40,1.25,1.5,719.16633335
608,1000,40,1.25,2.0,717.63633335
609,1000,40,1.25,2.5,721.4876666819999
610,1000,40,1.25,3.0,721.4876666819999
611,1000,40,1.25,3.5,721.4876666819999
612,1000,40,1.5,1.0,730.7600000159999
613,1000,40,1.5,1.5,723.003000019
614,1000,40,1.5,2.0,720.6830000199999
615,1000,40,1.5,2.5,726.6243333519999
616,1000,40,1.5,3.0,726.6243333519999
617,1000,40,1.5,3.5,726.6243333519999
618,1000,40,1.75,1.0,729.743000016
619,1000,40,1.75,1.5,721.9860000189999
620,1000,40,1.75,2.0,719.66600002
621,1000,40,1.75,2.5,725.607333352
622,1000,40,1.75,3.0,725.607333352
623,1000,40,1.75,3.5,725.607333352
624,1000,40,2.0,1.0,732.7076666710001
625,1000,40,2.0,1.5,724.950666674
626,1000,40,2.0,2.0,722.6306666749999
627,1000,40,2.0,2.5,726.460000008
628,1000,40,2.0,3.0,726.460000008
629,1000,40,2.0,3.5,726.460000008
630,1000,50,1.0,1.0,727.223333347
631,1000,50,1.0,1.5,719.16633335
632,1000,50,1.0,2.0,717.63633335
633,1000,50,1.0,2.5,721.4876666819999
634,1000,50,1.0,3.0,721.4876666819999
635,1000,50,1.0,3.5,721.4876666819999
636,1000,50,1.25,1.0,727.223333347
637,1000,50,1.25,1.5,719.16633335
638,1000,50,1.25,2.0,717.63633335
639,1000,50,1.25,2.5,721.4876666819999
640,1000,50,1.25,3.0,721.4876666819999
641,1000,50,1.25,3.5,721.4876666819999
642,1000,50,1.5,1.0,730.7600000159999
643,1000,50,1.5,1.5,723.003000019
644,1000,50,1.5,2.0,720.6830000199999
645,1000,50,1.5,2.5,726.6243333519999
646,1000,50,1.5,3.0,726.6243333519999
647,1000,50,1.5,3.5,726.6243333519999
648,1000,50,1.75,1.0,729.743000016
649,1000,50,1.75,1.5,721.9860000189999
650,1000,50,1.75,2.0,719.66600002
651,1000,50,1.75,2.5,725.607333352
652,1000,50,1.75,3.0,725.607333352
653,1000,50,1.75,3.5,725.607333352
654,1000,50,2.0,1.0,732.7076666710001
655,1000,50,2.0,1.5,724.950666674
656,1000,50,2.0,2.0,722.6306666749999
657,1000,50,2.0,2.5,726.460000008
658,1000,50,2.0,3.0,726.460000008
659,1000,50,2.0,3.5,726.460000008
660,1000,60,1.0,1.0,741.600000012
661,1000,60,1.0,1.5,731.402000016
662,1000,60,1.0,2.0,729.872000016
663,1000,60,1.0,2.5,731.67766668
664,1000,60,1.0,3.0,731.67766668
665,1000,60,1.0,3.5,731.67766668
666,1000,60,1.25,1.0,741.600000012
667,1000,60,1.25,1.5,731.402000016
668,1000,60,1.25,2.0,729.872000016
669,1000,60,1.25,2.5,731.67766668
670,1000,60,1.25,3.0,731.67766668
671,1000,60,1.25,3.5,731.67766668
672,1000,60,1.5,1.0,745.400000014
673,1000,60,1.5,1.5,735.502000018
674,1000,60,1.5,2.0,733.182000019
675,1000,60,1.5,2.5,737.077666683
676,1000,60,1.5,3.0,737.077666683
677,1000,60,1.5,3.5,737.077666683
678,1000,60,1.75,1.0,744.383000014
679,1000,60,1.75,1.5,734.4850000179999
680,1000,60,1.75,2.0,732.165000019
681,1000,60,1.75,2.5,736.060666683
682,1000,60,1.75,3.0,736.060666683
683,1000,60,1.75,3.5,736.060666683
684,1000,60,2.0,1.0,747.3476666690001
685,1000,60,2.0,1.5,737.449666673
686,1000,60,2.0,2.0,735.1296666740001
687,1000,60,2.0,2.5,736.913333339
688,1000,60,2.0,3.0,736.913333339
689,1000,60,2.0,3.5,736.913333339
690,1000,70,1.0,1.0,739.200000012
691,1000,70,1.0,1.5,728.102000016
692,1000,70,1.0,2.0,726.5720000160001
693,1000,70,1.0,2.5,728.3776666800001
694,1000,70,1.0,3.0,728.3776666800001
695,1000,70,1.0,3.5,728.3776666800001
696,1000,70,1.25,1.0,739.200000012
697,1000,70,1.25,1.5,728.102000016
698,1000,70,1.25,2.0,726.5720000160001
699,1000,70,1.25,2.5,728.3776666800001
700,1000,70,1.25,3.0,728.3776666800001
701,1000,70,1.25,3.5,728.3776666800001
702,1000,70,1.5,1.0,743.0000000140001
703,1000,70,1.5,1.5,732.202000018
704,1000,70,1.5,2.0,729.882000019
705,1000,70,1.5,2.5,733.777666683
706,1000,70,1.5,3.0,733.777666683
707,1000,70,1.5,3.5,733.777666683
708,1000,70,1.75,1.0,741.983000014
709,1000,70,1.75,1.5,731.185000018
710,1000,70,1.75,2.0,728.865000019
711,1000,70,1.75,2.5,732.760666683
712,1000,70,1.75,3.0,732.760666683
713,1000,70,1.75,3.5,732.760666683
714,1000,70,2.0,1.0,745.3300000030001
715,1000,70,2.0,1.5,734.5320000070001
716,1000,70,2.0,2.0,732.212000008
717,1000,70,2.0,2.5,733.9956666730001
718,1000,70,2.0,3.0,733.9956666730001
719,1000,70,2.0,3.5,733.9956666730001
720,1000,80,1.0,1.0,731.513333351
721,1000,80,1.0,1.5,720.415333355
722,1000,80,1.0,2.0,718.885333355
723,1000,80,1.0,2.5,720.6910000190001
724,1000,80,1.0,3.0,720.6910000190001
725,1000,80,1.0,3.5,720.6910000190001
726,1000,80,1.25,1.0,731.513333351
727,1000,80,1.25,1.5,720.415333355
728,1000,80,1.25,2.0,718.885333355
729,1000,80,1.25,2.5,720.6910000190001
730,1000,80,1.25,3.0,720.6910000190001
731,1000,80,1.25,3.5,720.6910000190001
732,1000,80,1.5,1.0,735.3133333530001
733,1000,80,1.5,1.5,724.515333357
734,1000,80,1.5,2.0,722.195333358
735,1000,80,1.5,2.5,726.091000022
736,1000,80,1.5,3.0,726.091000022
737,1000,80,1.5,3.5,726.091000022
738,1000,80,1.75,1.0,734.6353333530001
739,1000,80,1.75,1.5,723.837333357
740,1000,80,1.75,2.0,721.517333358
741,1000,80,1.75,2.5,725.413000022
742,1000,80,1.75,3.0,725.413000022
743,1000,80,1.75,3.5,725.413000022
744,1000,80,2.0,1.0,734.822333346
745,1000,80,2.0,1.5,724.02433335
746,1000,80,2.0,2.0,721.7043333510001
747,1000,80,2.0,2.5,723.488000016
748,1000,80,2.0,3.0,723.488000016
749,1000,80,2.0,3.5,723.488000016
750,1100,40,1.0,1.0,653.833999976
751,1100,40,1.0,1.5,648.82033331
752,1100,40,1.0,2.0,647.2903333099999
753,1100,40,1.0,2.5,653.148666642
754,1100,40,1.0,3.0,653.148666642
755,1100,40,1.0,3.5,653.148666642
756,1100,40,1.25,1.0,653.833999976
757,1100,40,1.25,1.5,648.82033331
758,1100,40,1.25,2.0,647.2903333099999
759,1100,40,1.25,2.5,653.148666642
760,1100,40,1.25,3.0,653.148666642
761,1100,40,1.25,3.5,653.148666642
762,1100,40,1.5,1.0,655.747333313
763,1100,40,1.5,1.5,650.733666647
764,1100,40,1.5,2.0,648.940333314
765,1100,40,1.5,2.5,656.888666646
766,1100,40,1.5,3.0,656.888666646
767,1100,40,1.5,3.5,656.888666646
768,1100,40,1.75,1.0,653.713333313
769,1100,40,1.75,1.5,648.699666647
770,1100,40,1.75,2.0,646.906333314
771,1100,40,1.75,2.5,654.8546666459999
772,1100,40,1.75,3.0,654.8546666459999
773,1100,40,1.75,3.5,654.8546666459999
774,1100,40,2.0,1.0,651.337999974
775,1100,40,2.0,1.5,646.324333308
776,1100,40,2.0,2.0,644.530999975
777,1100,40,2.0,2.5,650.967333308
778,1100,40,2.0,3.0,650.967333308
779,1100,40,2.0,3.5,650.967333308
780,1100,50,1.0,1.0,653.833999976
781,1100,50,1.0,1.5,648.82033331
782,1100,50,1.0,2.0,647.2903333099999
783,1100,50,1.0,2.5,653.148666642
784,1100,50,1.0,3.0,653.148666642
785,1100,50,1.0,3.5,653.148666642
786,1100,50,1.25,1.0,653.833999976
787,1100,50,1.25,1.5,648.82033331
788,1100,50,1.25,2.0,647.2903333099999
789,1100,50,1.25,2.5,653.148666642
790,1100,50,1.25,3.0,653.148666642
791,1100,50,1.25,3.5,653.148666642
792,1100,50,1.5,1.0,655.747333313
793,1100,50,1.5,1.5,650.733666647
794,1100,50,1.5,2.0,648.940333314
795,1100,50,1.5,2.5,656.888666646
796,1100,50,1.5,3.0,656.888666646
797,1100,50,1.5,3.5,656.888666646
798,1100,50,1.75,1.0,653.713333313
799,1100,50,1.75,1.5,648.699666647
800,1100,50,1.75,2.0,646.906333314
801,1100,50,1.75,2.5,654.8546666459999
802,1100,50,1.75,3.0,654.8546666459999
803,1100,50,1.75,3.5,654.8546666459999
804,1100,50,2.0,1.0,651.337999974
805,1100,50,2.0,1.5,646.324333308
806,1100,50,2.0,2.0,644.530999975
807,1100,50,2.0,2.5,650.967333308
808,1100,50,2.0,3.0,650.967333308
809,1100,50,2.0,3.5,650.967333308
810,1100,60,1.0,1.0,669.042999978
811,1100,60,1.0,1.5,661.888333313
812,1100,60,1.0,2.0,660.358333313
813,1100,60,1.0,2.5,664.170999977
814,1100,60,1.0,3.0,664.170999977
815,1100,60,1.0,3.5,664.170999977
816,1100,60,1.25,1.0,669.042999978
817,1100,60,1.25,1.5,661.888333313
818,1100,60,1.25,2.0,660.358333313
819,1100,60,1.25,2.5,664.170999977
820,1100,60,1.25,3.0,664.170999977
821,1100,60,1.25,3.5,664.170999977
822,1100,60,1.5,1.0,671.219666648
823,1100,60,1.5,1.5,664.064999983
824,1100,60,1.5,2.0,662.27166665
825,1100,60,1.5,2.5,668.174333314
826,1100,60,1.5,3.0,668.174333314
827,1100,60,1.5,3.5,668.174333314
828,1100,60,1.75,1.0,669.185666648
829,1100,60,1.75,1.5,662.030999983
830,1100,60,1.75,2.0,660.2376666499999
831,1100,60,1.75,2.5,666.140333314
832,1100,60,1.75,3.0,666.140333314
833,1100,60,1.75,3.5,666.140333314
834,1100,60,2.0,1.0,666.810333309
835,1100,60,2.0,1.5,659.655666644
836,1100,60,2.0,2.0,657.8623333109999
837,1100,60,2.0,2.5,662.252999976
838,1100,60,2.0,3.0,662.252999976
839,1100,60,2.0,3.5,662.252999976
840,1100,70,1.0,1.0,668.442999978
841,1100,70,1.0,1.5,661.288333313
842,1100,70,1.0,2.0,659.758333313
843,1100,70,1.0,2.5,663.570999977
844,1100,70,1.0,3.0,663.570999977
845,1100,70,1.0,3.5,663.570999977
846,1100,70,1.25,1.0,668.442999978
847,1100,70,1.25,1.5,661.288333313
848,1100,70,1.25,2.0,659.758333313
849,1100,70,1.25,2.5,663.570999977
850,1100,70,1.25,3.0,663.570999977
851,1100,70,1.25,3.5,663.570999977
852,1100,70,1.5,1.0,670.619666648
853,1100,70,1.5,1.5,663.464999983
854,1100,70,1.5,2.0,661.67166665
855,1100,70,1.5,2.5,667.574333314
856,1100,70,1.5,3.0,667.574333314
857,1100,70,1.5,3.5,667.574333314
858,1100,70,1.75,1.0,668.585666648
859,1100,70,1.75,1.5,661.430999983
860,1100,70,1.75,2.0,659.63766665
861,1100,70,1.75,2.5,665.540333314
862,1100,70,1.75,3.0,665.540333314
863,1100,70,1.75,3.5,665.540333314
864,1100,70,2.0,1.0,666.292666643
865,1100,70,2.0,1.5,659.137999978
866,1100,70,2.0,2.0,657.344666645
867,1100,70,2.0,2.5,661.73533331
868,1100,70,2.0,3.0,661.73533331
869,1100,70,2.0,3.5,661.73533331
870,1100,80,1.0,1.0,668.262999981
871,1100,80,1.0,1.5,661.108333316
872,1100,80,1.0,2.0,659.578333316
873,1100,80,1.0,2.5,663.3909999800001
874,1100,80,1.0,3.0,663.3909999800001
875,1100,80,1.0,3.5,663.3909999800001
876,1100,80,1.25,1.0,668.262999981
877,1100,80,1.25,1.5,661.108333316
878,1100,80,1.25,2.0,659.578333316
879,1100,80,1.25,2.5,663.3909999800001
880,1100,80,1.25,3.0,663.3909999800001
881,1100,80,1.25,3.5,663.3909999800001
882,1100,80,1.5,1.0,670.439666651
883,1100,80,1.5,1.5,663.284999986
884,1100,80,1.5,2.0,661.491666653
885,1100,80,1.5,2.5,667.394333317
886,1100,80,1.5,3.0,667.394333317
887,1100,80,1.5,3.5,667.394333317
888,1100,80,1.75,1.0,668.744666651
889,1100,80,1.75,1.5,661.589999986
890,1100,80,1.75,2.0,659.796666653
891,1100,80,1.75,2.5,665.699333317
892,1100,80,1.75,3.0,665.699333317
893,1100,80,1.75,3.5,665.699333317
894,1100,80,2.0,1.0,665.92499998
895,1100,80,2.0,1.5,658.770333315
896,1100,80,2.0,2.0,656.9769999819999
897,1100,80,2.0,2.5,661.367666647
898,1100,80,2.0,3.0,661.367666647
899,1100,80,2.0,3.5,661.367666647
900,1200,40,1.0,1.0,653.833999976
901,1200,40,1.0,1.5,648.82033331
902,1200,40,1.0,2.0,647.2903333099999
903,1200,40,1.0,2.5,653.148666642
904,1200,40,1.0,3.0,653.148666642
905,1200,40,1.0,3.5,653.148666642
906,1200,40,1.25,1.0,653.833999976
907,1200,40,1.25,1.5,648.82033331
908,1200,40,1.25,2.0,647.2903333099999
909,1200,40,1.25,2.5,653.148666642
910,1200,40,1.25,3.0,653.148666642
911,1200,40,1.25,3.5,653.148666642
912,1200,40,1.5,1.0,655.747333313
913,1200,40,1.5,1.5,650.733666647
914,1200,40,1.5,2.0,648.940333314
915,1200,40,1.5,2.5,656.888666646
916,1200,40,1.5,3.0,656.888666646
917,1200,40,1.5,3.5,656.888666646
918,1200,40,1.75,1.0,653.713333313
919,1200,40,1.75,1.5,648.699666647
920,1200,40,1.75,2.0,646.906333314
921,1200,40,1.75,2.5,654.8546666459999
922,1200,40,1.75,3.0,654.8546666459999
923,1200,40,1.75,3.5,654.8546666459999
924,1200,40,2.0,1.0,651.337999974
925,1200,40,2.0,1.5,646.324333308
926,1200,40,2.0,2.0,644.530999975
927,1200,40,2.0,2.5,650.967333308
928,1200,40,2.0,3.0,650.967333308
929,1200,40,2.0,3.5,650.967333308
930,1200,50,1.0,1.0,653.833999976
931,1200,50,1.0,1.5,648.82033331
932,1200,50,1.0,2.0,647.2903333099999
933,1200,50,1.0,2.5,653.148666642
934,1200,50,1.0,3.0,653.148666642
935,1200,50,1.0,3.5,653.148666642
936,1200,50,1.25,1.0,653.833999976
937,1200,50,1.25,1.5,648.82033331
938,1200,50,1.25,2.0,647.2903333099999
939,1200,50,1.25,2.5,653.148666642
940,1200,50,1.25,3.0,653.148666642
941,1200,50,1.25,3.5,653.148666642
942,1200,50,1.5,1.0,655.747333313
943,1200,50,1.5,1.5,650.733666647
944,1200,50,1.5,2.0,648.940333314
945,1200,50,1.5,2.5,656.888666646
946,1200,50,1.5,3.0,656.888666646
947,1200,50,1.5,3.5,656.888666646
948,1200,50,1.75,1.0,653.713333313
949,1200,50,1.75,1.5,648.699666647
950,1200,50,1.75,2.0,646.906333314
951,1200,50,1.75,2.5,654.8546666459999
952,1200,50,1.75,3.0,654.8546666459999
953,1200,50,1.75,3.5,654.8546666459999
954,1200,50,2.0,1.0,651.337999974
955,1200,50,2.0,1.5,646.324333308
956,1200,50,2.0,2.0,644.530999975
957,1200,50,2.0,2.5,650.967333308
958,1200,50,2.0,3.0,650.967333308
959,1200,50,2.0,3.5,650.967333308
960,1200,60,1.0,1.0,669.042999978
961,1200,60,1.0,1.5,661.888333313
962,1200,60,1.0,2.0,660.358333313
963,1200,60,1.0,2.5,664.170999977
964,1200,60,1.0,3.0,664.170999977
965,1200,60,1.0,3.5,664.170999977
966,1200,60,1.25,1.0,669.042999978
967,1200,60,1.25,1.5,661.888333313
968,1200,60,1.25,2.0,660.358333313
969,1200,60,1.25,2.5,664.170999977
970,1200,60,1.25,3.0,664.170999977
971,1200,60,1.25,3.5,664.170999977
972,1200,60,1.5,1.0,671.219666648
973,1200,60,1.5,1.5,664.064999983
974,1200,60,1.5,2.0,662.27166665
975,1200,60,1.5,2.5,668.174333314
976,1200,60,1.5,3.0,668.174333314
977,1200,60,1.5,3.5,668.174333314
978,1200,60,1.75,1.0,669.185666648
979,1200,60,1.75,1.5,662.030999983
980,1200,60,1.75,2.0,660.2376666499999
981,1200,60,1.75,2.5,666.140333314
982,1200,60,1.75,3.0,666.140333314
983,1200,60,1.75,3.5,666.140333314
984,1200,60,2.0,1.0,666.810333309
985,1200,60,2.0,1.5,659.655666644
986,1200,60,2.0,2.0,657.8623333109999
987,1200,60,2.0,2.5,662.252999976
988,1200,60,2.0,3.0,662.252999976
989,1200,60,2.0,3.5,662.252999976
990,1200,70,1.0,1.0,668.442999978
991,1200,70,1.0,1.5,661.288333313
992,1200,70,1.0,2.0,659.758333313
993,1200,70,1.0,2.5,663.570999977
994,1200,70,1.0,3.0,663.570999977
995,1200,70,1.0,3.5,663.570999977
996,1200,70,1.25,1.0,668.442999978
997,1200,70,1.25,1.5,661.288333313
998,1200,70,1.25,2.0,659.758333313
999,1200,70,1.25,2.5,663.570999977
1000,1200,70,1.25,3.0,663.570999977
1001,1200,70,1.25,3.5,663.570999977
1002,1200,70,1.5,1.0,670.619666648
1003,1200,70,1.5,1.5,663.464999983
1004,1200,70,1.5,2.0,661.67166665
1005,1200,70,1.5,2.5,667.574333314
1006,1200,70,1.5,3.0,667.574333314
1007,1200,70,1.5,3.5,667.574333314
1008,1200,70,1.75,1.0,668.585666648
1009,1200,70,1.75,1.5,661.430999983
1010,1200,70,1.75,2.0,659.63766665
1011,1200,70,1.75,2.5,665.540333314
1012,1200,70,1.75,3.0,665.540333314
1013,1200,70,1.75,3.5,665.540333314
1014,1200,70,2.0,1.0,666.292666643
1015,1200,70,2.0,1.5,659.137999978
1016,1200,70,2.0,2.0,657.344666645
1017,1200,70,2.0,2.5,661.73533331
1018,1200,70,2.0,3.0,661.73533331
1019,1200,70,2.0,3.5,661.73533331
1020,1200,80,1.0,1.0,668.262999981
1021,1200,80,1.0,1.5,661.108333316
1022,1200,80,1.0,2.0,659.578333316
1023,1200,80,1.0,2.5,663.3909999800001
1024,1200,80,1.0,3.0,663.3909999800001
1025,1200,80,1.0,3.5,663.3909999800001
1026,1200,80,1.25,1.0,668.262999981
1027,1200,80,1.25,1.5,661.108333316
1028,1200,80,1.25,2.0,659.578333316
1029,1200,80,1.25,2.5,663.3909999800001
1030,1200,80,1.25,3.0,663.3909999800001
1031,1200,80,1.25,3.5,663.3909999800001
1032,1200,80,1.5,1.0,670.439666651
1033,1200,80,1.5,1.5,663.284999986
1034,1200,80,1.5,2.0,661.491666653
1035,1200,80,1.5,2.5,667.394333317
1036,1200,80,1.5,3.0,667.394333317
1037,1200,80,1.5,3.5,667.394333317
1038,1200,80,1.75,1.0,668.744666651
1039,1200,80,1.75,1.5,661.589999986
1040,1200,80,1.75,2.0,659.796666653
1041,1200,80,1.75,2.5,665.699333317
1042,1200,80,1.75,3.0,665.699333317
1043,1200,80,1.75,3.5,665.699333317
1044,1200,80,2.0,1.0,665.92499998
1045,1200,80,2.0,1.5,658.770333315
1046,1200,80,2.0,2.0,656.9769999819999
1047,1200,80,2.0,2.5,661.367666647
1048,1200,80,2.0,3.0,661.367666647
1049,1200,80,2.0,3.5,661.367666647
